,coordinates,demand,ready_time,due_time,service_time
0,"(40, 50)",0,0,240,0
1,"(85, 35)",30,111,141,10
2,"(30, 60)",16,140,170,10
3,"(50, 35)",19,130,160,10
4,"(49, 58)",10,86,116,10
5,"(65, 35)",3,52,82,10
6,"(42, 5)",10,151,181,10
7,"(40, 5)",10,67,97,10
8,"(37, 47)",6,86,116,10
9,"(92, 30)",10,62,92,10
10,"(22, 85)",10,109,139,10
11,"(55, 54)",26,132,162,10
12,"(88, 35)",20,61,91,10
13,"(67, 85)",20,139,169,10
14,"(20, 82)",10,37,67,10
15,"(90, 35)",10,67,97,10
16,"(6, 68)",30,89,119,10
17,"(63, 65)",8,30,60,10
18,"(65, 55)",14,65,95,10
19,"(42, 10)",40,72,102,10
20,"(2, 45)",10,45,75,10
